{"entropy":-2.996127014698801e-05,"_wandb":{"runtime":823},"_timestamp":1.7494627417499602e+09,"_runtime":823.964387738,"_step":1118,"reward":-34.29510983553777,"episode_reward":-432.311851141422,"loss":101.75677330270962}