{"_wandb":{"runtime":713},"gradients/graph_1network.0.weight":{"_type":"histogram","values":[1,0,2,4,1,0,0,28,27,36,97,53,44,73,55,105,115,162,145,129,201,260,273,402,557,695,926,1189,1979,2717,4130,10262,20051,26441,12278,7008,2988,1642,1522,975,612,344,246,259,218,190,127,110,163,110,70,38,35,35,66,23,30,36,33,14,9,5,3,3],"bins":[-0.007647793740034103,-0.007416805252432823,-0.007185816764831543,-0.0069548278115689754,-0.006723839323967695,-0.006492850836366415,-0.0062618618831038475,-0.006030873395502567,-0.005799884907901287,-0.005568896420300007,-0.005337907932698727,-0.005106918979436159,-0.004875930491834879,-0.004644942004233599,-0.004413953050971031,-0.004182964563369751,-0.003951976075768471,-0.0037209875881671906,-0.0034899988677352667,-0.003259010147303343,-0.0030280216597020626,-0.0027970331721007824,-0.0025660444516688585,-0.0023350557312369347,-0.0021040672436356544,-0.0018730786396190524,-0.0016420900356024504,-0.0014111014315858483,-0.0011801128275692463,-0.0009491242235526443,-0.0007181356195360422,-0.0004871470155194402,-0.00025615887716412544,-2.5170273147523403e-05,0.00020581833086907864,0.0004368069348856807,0.0006677955389022827,0.0008987841429188848,0.0011297727469354868,0.0013607613509520888,0.0015917499549686909,0.001822738558985293,0.002053727163001895,0.002284715883433819,0.002515704371035099,0.0027466928586363792,0.002977681579068303,0.003208670299500227,0.003439658787101507,0.0036706472747027874,0.0039016359951347113,0.004132624715566635,0.004363613203167915,0.0045946016907691956,0.004825590178370476,0.005056579131633043,0.0052875676192343235,0.005518556106835604,0.005749545060098171,0.0059805335476994514,0.006211522035300732,0.006442510522902012,0.006673499010503292,0.00690448796376586,0.00713547645136714]},"parameters/graph_1network.6.bias":{"bins":[-0.4541133940219879,-0.4377438724040985,-0.4213743507862091,-0.4050048291683197,-0.3886352777481079,-0.3722657561302185,-0.3558962345123291,-0.3395267128944397,-0.3231571912765503,-0.3067876696586609,-0.2904181480407715,-0.2740486264228821,-0.2576791048049927,-0.24130956828594208,-0.22494003176689148,-0.20857051014900208,-0.19220098853111267,-0.17583146691322327,-0.15946194529533386,-0.14309240877628326,-0.12672288715839386,-0.11035336554050446,-0.09398383647203445,-0.07761430740356445,-0.06124478578567505,-0.044875260442495346,-0.028505735099315643,-0.01213620975613594,0.004233315587043762,0.020602840930223465,0.03697236627340317,0.05334189161658287,0.06971144676208496,0.08608096837997437,0.10245049744844437,0.11882002651691437,0.13518954813480377,0.15155906975269318,0.16792860627174377,0.18429812788963318,0.20066764950752258,0.217037171125412,0.2334066927433014,0.249776229262352,0.2661457657814026,0.282515287399292,0.2988848090171814,0.3152543306350708,0.3316238522529602,0.3479933738708496,0.364362895488739,0.3807324171066284,0.3971019387245178,0.4134714901447296,0.429841011762619,0.4462105333805084,0.4625800549983978,0.47894957661628723,0.49531909823417664,0.5116886496543884,0.5280581712722778,0.5444276928901672,0.5607972145080566,0.577166736125946,0.5935362577438354],"_type":"histogram","values":[1,0,0,0,0,0,0,1,0,0,0,0,0,0,0,0,0,0,0,0,1,1,1,0,0,0,1,0,0,0,1,0,0,2,0,0,0,0,0,0,0,0,0,0,0,0,0,0,0,0,0,0,0,0,0,0,0,0,0,0,0,0,0,1]},"val/loss":0.055939797001580395,"parameters/graph_1network.3.bias":{"bins":[-0.5005033612251282,-0.48294728994369507,-0.4653911888599396,-0.4478350877761841,-0.430279016494751,-0.41272294521331787,-0.3951668441295624,-0.3776107430458069,-0.3600546717643738,-0.3424986004829407,-0.3249424993991852,-0.3073863983154297,-0.2898303270339966,-0.2722742557525635,-0.254718154668808,-0.23716206848621368,-0.21960598230361938,-0.20204989612102509,-0.1844938099384308,-0.1669377237558365,-0.1493816375732422,-0.1318255513906479,-0.11426946520805359,-0.09671337902545929,-0.07915729284286499,-0.06160120666027069,-0.04404512047767639,-0.026489034295082092,-0.008932948112487793,0.008623138070106506,0.026179224252700806,0.043735310435295105,0.06129145622253418,0.07884754240512848,0.09640362858772278,0.11395971477031708,0.13151580095291138,0.14907188713550568,0.16662797331809998,0.18418405950069427,0.20174014568328857,0.21929623186588287,0.23685231804847717,0.25440841913223267,0.27196449041366577,0.2895205616950989,0.30707666277885437,0.32463276386260986,0.34218883514404297,0.3597449064254761,0.37730100750923157,0.39485710859298706,0.41241317987442017,0.42996925115585327,0.44752535223960876,0.46508145332336426,0.48263752460479736,0.5001935958862305,0.5177496671676636,0.5353057980537415,0.5528618693351746,0.5704179406166077,0.5879740715026855,0.6055301427841187,0.6230862140655518],"_type":"histogram","values":[1,0,0,0,0,0,0,1,1,0,0,1,1,0,0,2,0,3,0,2,0,0,1,5,1,4,1,2,1,2,1,1,1,1,0,2,3,1,0,3,3,2,1,0,0,3,1,2,4,1,0,0,2,1,0,1,0,0,0,0,0,0,0,1]},"val/accuracy":0.9835,"gradients/graph_1network.6.weight":{"_type":"histogram","values":[1,1,0,0,0,0,0,0,0,0,0,0,0,1,1,0,3,1,1,3,4,3,0,2,1,4,4,6,7,8,11,22,12,25,50,161,124,53,28,22,29,12,6,12,4,5,2,2,2,0,5,0,0,1,0,0,0,0,0,0,0,0,0,1],"bins":[-0.06453203409910202,-0.06272738426923752,-0.06092273071408272,-0.05911807715892792,-0.05731342360377312,-0.055508773773908615,-0.053704120218753815,-0.051899466663599014,-0.050094813108444214,-0.04829016327857971,-0.04648550972342491,-0.04468085616827011,-0.04287620633840561,-0.04107155278325081,-0.03926689922809601,-0.037462249398231506,-0.035657595843076706,-0.033852942287921906,-0.032048292458057404,-0.030243638902902603,-0.028438985347747803,-0.02663433365523815,-0.0248296819627285,-0.0230250284075737,-0.02122037671506405,-0.019415725022554398,-0.017611071467399597,-0.015806419774889946,-0.01400176715105772,-0.012197114527225494,-0.010392462834715843,-0.008587810210883617,-0.006783157587051392,-0.004978504963219166,-0.0031738528050482273,-0.0013692004140466452,0.000435451976954937,0.002240104367956519,0.004044756758958101,0.00584940891712904,0.0076540615409612656,0.009458714164793491,0.011263366788625717,0.013068018481135368,0.014872671104967594,0.01667732372879982,0.01848197542130947,0.02028662897646427,0.022091280668973923,0.023895932361483574,0.025700585916638374,0.027505237609148026,0.029309891164302826,0.031114542856812477,0.03291919454932213,0.03472384810447693,0.03652849793434143,0.03833315148949623,0.04013780504465103,0.04194245859980583,0.043747108429670334,0.045551761984825134,0.047356415539979935,0.04916106536984444,0.05096571892499924]},"test/accuracy":0.9835,"parameters/graph_1network.0.bias":{"_type":"histogram","values":[1,0,0,0,0,1,3,3,2,0,0,6,4,1,3,3,2,5,0,3,1,8,9,5,8,1,8,3,3,3,4,4,4,3,1,1,2,3,3,2,1,0,3,2,3,0,0,0,0,0,0,1,0,1,1,2,0,0,0,0,0,0,0,1],"bins":[-0.15296445786952972,-0.14865219593048096,-0.144339919090271,-0.14002765715122223,-0.13571539521217346,-0.1314031183719635,-0.12709085643291473,-0.12277859449386597,-0.1184663251042366,-0.11415405571460724,-0.10984179377555847,-0.10552952438592911,-0.10121725499629974,-0.09690499305725098,-0.09259272366762161,-0.08828046172857285,-0.08396819233894348,-0.07965592294931412,-0.07534366101026535,-0.07103139162063599,-0.06671912968158722,-0.062406860291957855,-0.05809459090232849,-0.053782325237989426,-0.04947005957365036,-0.045157793909311295,-0.04084552824497223,-0.036533258855342865,-0.0322209931910038,-0.027908727526664734,-0.02359645999968052,-0.019284192472696304,-0.014971911907196045,-0.010659645311534405,-0.006347378715872765,-0.0020351121202111244,0.0022771544754505157,0.006589421071112156,0.010901687666773796,0.015213954262435436,0.019526220858097076,0.023838486522436142,0.028150754049420357,0.03246302157640457,0.03677528724074364,0.0410875529050827,0.04539982229471207,0.04971208795905113,0.0540243536233902,0.05833661928772926,0.06264888495206833,0.06696115434169769,0.07127341628074646,0.07558568567037582,0.07989795506000519,0.08421021699905396,0.08852248638868332,0.09283475577831268,0.09714701771736145,0.10145928710699081,0.10577155649662018,0.11008381843566895,0.11439608782529831,0.11870834976434708,0.12302061915397644]},