{"_runtime":0.931733499,"_step":0,"evaluation_reward":-98.11304451525211,"agent_video":{"path":"media/videos/agent_video_0_f92ae44406f7cb42b3c6.mp4","_type":"video-file","sha256":"f92ae44406f7cb42b3c6943bec83dfb01d9cc55fa2b2483967ad2264d7e490e3","size":164151},"_wandb":{"runtime":0},"_timestamp":1.7493112199513345e+09}