{"gradients/network.0.bias":{"_type":"histogram","values":[2,0,0,0,2,0,0,2,1,3,0,0,2,1,3,3,2,4,5,5,3,1,8,2,5,4,7,3,4,7,5,5,3,2,0,5,3,3,2,1,0,2,0,3,5,1,1,1,2,1,0,0,0,0,0,2,0,0,0,0,1,0,0,1],"bins":[-0.002852298319339752,-0.0027472663205116987,-0.002642234554514289,-0.0025372025556862354,-0.002432170556858182,-0.002327138790860772,-0.0022221067920327187,-0.002117074793204665,-0.0020120427943766117,-0.0019070110283792019,-0.0018019790295511484,-0.0016969471471384168,-0.0015919152647256851,-0.0014868832658976316,-0.0013818513834849,-0.0012768193846568465,-0.0011717875022441149,-0.0010667556198313832,-0.0009617236210033298,-0.0008566917385905981,-0.0007516597979702055,-0.000646627857349813,-0.0005415959749370813,-0.0004365640343166888,-0.0003315320936962962,-0.00022650016762781888,-0.00012146824155934155,-1.6436315490864217e-05,8.859561057761312e-05,0.00019362753664609045,0.0002986594627145678,0.0004036913742311299,0.0005087230820208788,0.0006137550226412714,0.0007187869632616639,0.0008238188456743956,0.0009288507862947881,0.0010338827269151807,0.0011389146093279123,0.0012439466081559658,0.0013489784905686975,0.001454010372981429,0.0015590423718094826,0.0016640742542222142,0.0017691061366349459,0.0018741381354629993,0.001979170134291053,0.0020842019002884626,0.002189233899116516,0.0022942658979445696,0.0023992976639419794,0.002504329662770033,0.0026093616615980864,0.002714393427595496,0.0028194254264235497,0.002924457425251603,0.0030294894240796566,0.0031345211900770664,0.00323955318890512,0.0033445851877331734,0.003449616953730583,0.0035546489525586367,0.00365968095138669,0.0037647127173841,0.0038697447162121534]},"_step":9706,"parameters/network.3.weight":{"bins":[-0.8140156865119934,-0.7937098741531372,-0.773404061794281,-0.7530982494354248,-0.7327923774719238,-0.7124865651130676,-0.6921807527542114,-0.6718749403953552,-0.651569128036499,-0.6312633156776428,-0.6109575033187866,-0.5906516909599304,-0.5703458786010742,-0.5500400066375732,-0.529734194278717,-0.5094283819198608,-0.48912256956100464,-0.46881675720214844,-0.44851094484329224,-0.42820510268211365,-0.40789929032325745,-0.38759347796440125,-0.36728763580322266,-0.34698182344436646,-0.32667601108551025,-0.30637019872665405,-0.28606438636779785,-0.26575854420661926,-0.24545273184776306,-0.22514691948890686,-0.20484109222888947,-0.18453526496887207,-0.1642293930053711,-0.1439235806465149,-0.1236177533864975,-0.1033119335770607,-0.0830061137676239,-0.0627002939581871,-0.042394474148750305,-0.022088654339313507,-0.001782834529876709,0.01852298527956009,0.03882880508899689,0.059134624898433685,0.07944044470787048,0.09974626451730728,0.12005208432674408,0.14035791158676147,0.16066372394561768,0.18096953630447388,0.20127536356449127,0.22158119082450867,0.24188700318336487,0.26219281554222107,0.28249865770339966,0.30280447006225586,0.32311028242111206,0.34341609477996826,0.36372190713882446,0.38402774930000305,0.40433356165885925,0.42463937401771545,0.44494521617889404,0.46525102853775024,0.48555684089660645],"_type":"histogram","values":[2,0,0,0,0,1,0,4,1,3,3,10,4,6,7,13,14,12,22,15,25,40,44,40,67,61,88,91,107,122,137,176,193,237,288,334,375,450,514,578,619,626,576,475,471,363,257,205,148,99,76,62,28,33,19,12,8,10,5,4,4,3,3,2]},"gradients/network.6.bias":{"bins":[-0.008705493062734604,-0.008455970324575901,-0.008206447586417198,-0.007956924848258495,-0.0077074021100997925,-0.007457878906279802,-0.0072083561681210995,-0.006958833429962397,-0.006709310691803694,-0.006459787953644991,-0.006210265215486288,-0.005960742477327585,-0.005711219273507595,-0.005461696535348892,-0.005212173797190189,-0.0049626510590314865,-0.004713128320872784,-0.004463605582714081,-0.004214082844555378,-0.003964560106396675,-0.0037150371354073286,-0.0034655143972486258,-0.0032159914262592793,-0.0029664686881005764,-0.0027169459499418736,-0.0024674232117831707,-0.002217900473624468,-0.0019683775026351213,-0.0017188547644764185,-0.0014693320263177156,-0.001219809171743691,-0.0009702863753773272,-0.0007207635790109634,-0.0004712407826445997,-0.0002217179862782359,2.780481008812785e-05,0.0002773276064544916,0.0005268504028208554,0.0007763731991872191,0.0010258960537612438,0.0012754187919199467,0.0015249415300786495,0.0017744643846526742,0.002023987239226699,0.0022735099773854017,0.0025230327155441046,0.002772555686533451,0.003022078424692154,0.0032716011628508568,0.0035211239010095596,0.0037706466391682625,0.004020169377326965,0.004269692115485668,0.004519215319305658,0.004768738057464361,0.005018260795623064,0.005267783533781767,0.00551730627194047,0.005766829010099173,0.0060163517482578754,0.006265874952077866,0.0065153976902365685,0.006764920428395271,0.007014443166553974,0.007263965904712677],"_type":"histogram","values":[1,0,0,0,0,0,0,0,0,0,0,0,0,1,0,0,0,0,0,0,0,0,0,0,0,1,0,1,0,0,0,0,2,0,0,0,0,0,0,0,0,0,0,0,0,1,0,1,0,0,0,0,0,0,0,0,0,0,0,1,0,0,0,1]},"parameters/network.3.bias":{"bins":[-0.5182430744171143,-0.501634418964386,-0.4850257635116577,-0.46841713786125183,-0.45180848240852356,-0.4351998269557953,-0.4185912013053894,-0.40198254585266113,-0.38537389039993286,-0.3687652349472046,-0.3521565794944763,-0.33554795384407043,-0.31893929839134216,-0.3023306429386139,-0.285722017288208,-0.26911336183547974,-0.25250470638275146,-0.2358960509300232,-0.21928741037845612,-0.20267876982688904,-0.18607011437416077,-0.1694614589214325,-0.15285281836986542,-0.13624417781829834,-0.11963552236557007,-0.1030268743634224,-0.08641822636127472,-0.06980957835912704,-0.05320093035697937,-0.036592282354831696,-0.01998363435268402,-0.0033749863505363464,0.013233661651611328,0.029842309653759003,0.04645095765590668,0.06305960565805435,0.07966825366020203,0.0962769016623497,0.11288554966449738,0.12949419021606445,0.14610284566879272,0.162711501121521,0.17932014167308807,0.19592878222465515,0.21253743767738342,0.2291460931301117,0.24575473368167877,0.26236337423324585,0.2789720296859741,0.2955806851387024,0.31218934059143066,0.32879796624183655,0.3454066216945648,0.3620152771472931,0.378623902797699,0.39523255825042725,0.4118412137031555,0.4284498691558838,0.44505852460861206,0.46166715025901794,0.4782758057117462,0.4948844611644745,0.5114930868148804,0.5281017422676086,0.5447103977203369],"_type":"histogram","values":[1,1,0,0,0,0,0,1,0,0,0,1,0,1,1,2,2,3,0,2,0,0,0,0,0,3,0,2,0,2,0,1,3,0,1,5,0,2,2,1,3,0,0,1,1,0,4,1,1,5,0,0,2,1,0,2,2,0,1,1,0,0,1,1]},"test/accuracy":0.9854,"parameters/network.0.bias":{"bins":[-0.18882164359092712,-0.18396823108196259,-0.17911483347415924,-0.1742614209651947,-0.16940800845623016,-0.16455459594726562,-0.15970119833946228,-0.15484778583049774,-0.1499943733215332,-0.14514097571372986,-0.14028756320476532,-0.13543415069580078,-0.13058073818683624,-0.1257273405790329,-0.12087392807006836,-0.11602051556110382,-0.11116711050271988,-0.10631370544433594,-0.1014602929353714,-0.09660688787698746,-0.09175347536802292,-0.08690007030963898,-0.08204665780067444,-0.0771932527422905,-0.07233984768390656,-0.06748643517494202,-0.06263303011655807,-0.057779617607593536,-0.052926212549209595,-0.048072803765535355,-0.043219394981861115,-0.038365986198186874,-0.03351256996393204,-0.028659161180257797,-0.023805752396583557,-0.018952345475554466,-0.014098936691880226,-0.009245527908205986,-0.0043921200558543205,0.0004612882621586323,0.005314696580171585,0.010168105363845825,0.01502151321619749,0.019874921068549156,0.024728329852223396,0.029581738635897636,0.03443514555692673,0.03928855434060097,0.04414196312427521,0.04899537190794945,0.05384878069162369,0.05870218947529793,0.06355559825897217,0.06840900331735611,0.07326241582632065,0.07811582088470459,0.08296923339366913,0.08782263845205307,0.09267604351043701,0.09752945601940155,0.10238286107778549,0.10723627358675003,0.11208967864513397,0.11694309115409851,0.12179649621248245],"_type":"histogram","values":[1,0,0,1,0,0,0,0,1,1,3,1,0,0,1,3,4,2,5,5,8,5,5,4,3,5,3,3,9,3,8,4,3,3,1,3,3,3,3,1,2,1,0,1,1,1,0,4,1,1,1,3,1,2,0,0,0,0,0,0,0,0,0,1]},"val/accuracy":0.9826666666666667,