{"_step":3439,"episode_reward":-616.701294498382,"loss":157.47924863058233,"entropy":0.0006941264687684085,"_wandb":{"runtime":1598},"reward":-0.5577039274924449,"_timestamp":1.749471970179636e+09,"_runtime":1598.165750999}