{"_wandb":{"runtime":23},"_timestamp":1.7494647907964756e+09,"_runtime":23.848637336,"_step":43,"reward":-1240.4499999999998}