{"_timestamp":1.7494648585123777e+09,"_runtime":22.913826945,"_step":43,"_wandb":{"runtime":22},"reward":-1240.4499999999998}