{"_runtime":58.86022685,"_step":93,"_wandb":{"runtime":58},"reward":-3730.5,"_timestamp":1.749464988418938e+09}