{"parameters/graph_1network.6.bias":{"_type":"histogram","values":[1,0,0,0,0,2,1,0,0,0,0,0,0,0,0,1,0,1,0,0,0,1,0,0,0,0,0,0,0,0,0,0,2,0,0,0,0,0,0,0,0,0,0,0,0,0,0,0,0,0,0,0,0,0,0,0,0,0,0,0,0,0,0,1],"bins":[-0.20260412991046906,-0.1938675045967102,-0.18513089418411255,-0.1763942688703537,-0.16765764355659485,-0.158921018242836,-0.15018439292907715,-0.1414477825164795,-0.13271115720272064,-0.12397453188896179,-0.11523791402578354,-0.10650129616260529,-0.09776467084884644,-0.08902804553508759,-0.08029142767190933,-0.07155480980873108,-0.06281818449497223,-0.05408156290650368,-0.045344941318035126,-0.036608319729566574,-0.027871698141098022,-0.01913507655262947,-0.01039845496416092,-0.0016618333756923676,0.007074788212776184,0.015811409801244736,0.024548031389713287,0.03328465297818184,0.04202127456665039,0.05075789615511894,0.059494517743587494,0.06823113560676575,0.07696777582168579,0.08570440113544464,0.0944410189986229,0.10317763686180115,0.11191426217556,0.12065088748931885,0.1293874979019165,0.13812412321567535,0.1468607485294342,0.15559737384319305,0.1643339991569519,0.17307060956954956,0.1818072348833084,0.19054386019706726,0.19928047060966492,0.20801709592342377,0.21675372123718262,0.22549034655094147,0.23422697186470032,0.24296358227729797,0.251700222492218,0.2604368329048157,0.26917344331741333,0.2779100835323334,0.28664669394493103,0.2953833043575287,0.30411994457244873,0.3128565549850464,0.32159316539764404,0.3303298056125641,0.33906641602516174,0.3478030562400818,0.35653966665267944]},"parameters/graph_1network.0.weight":{"_type":"histogram","values":[3,1,0,3,4,1,2,3,9,6,7,7,17,17,22,16,24,23,41,50,49,68,89,103,135,151,196,255,293,364,422,532,647,781,1049,1423,2094,3053,4587,6527,8970,11167,12055,11871,10283,8088,5622,3628,2161,1303,751,517,296,225,153,82,46,29,10,11,4,3,2,1],"bins":[-0.6848398447036743,-0.668660044670105,-0.6524802446365356,-0.6363005042076111,-0.6201207041740417,-0.6039409041404724,-0.5877611637115479,-0.5715813636779785,-0.5554015636444092,-0.5392217636108398,-0.5230419635772705,-0.506862223148346,-0.4906824231147766,-0.4745026230812073,-0.4583228528499603,-0.4421430826187134,-0.42596328258514404,-0.4097834825515747,-0.39360371232032776,-0.3774239420890808,-0.3612441420555115,-0.34506434202194214,-0.3288845717906952,-0.31270480155944824,-0.2965250015258789,-0.28034520149230957,-0.2641654312610626,-0.24798564612865448,-0.23180586099624634,-0.2156260758638382,-0.19944629073143005,-0.1832665055990219,-0.16708672046661377,-0.15090693533420563,-0.13472715020179749,-0.11854736506938934,-0.1023675799369812,-0.08618779480457306,-0.07000800967216492,-0.053828224539756775,-0.03764843940734863,-0.02146865427494049,-0.005288869142532349,0.010890915989875793,0.027070701122283936,0.04325048625469208,0.05943027138710022,0.07561005651950836,0.0917898416519165,0.10796962678432465,0.12414941191673279,0.14032919704914093,0.15650898218154907,0.17268876731395721,0.18886855244636536,0.2050483375787735,0.22122812271118164,0.23740790784358978,0.2535876929759979,0.2697674632072449,0.2859472632408142,0.30212706327438354,0.3183068335056305,0.33448660373687744,0.3506664037704468]},"parameters/graph_1network.3.bias":{"bins":[-0.2541019022464752,-0.24467360973358154,-0.23524533212184906,-0.22581705451011658,-0.2163887619972229,-0.20696046948432922,-0.19753219187259674,-0.18810391426086426,-0.17867562174797058,-0.1692473292350769,-0.15981905162334442,-0.15039077401161194,-0.14096248149871826,-0.13153418898582458,-0.1221059113740921,-0.11267762631177902,-0.10324934124946594,-0.09382105618715286,-0.08439277112483978,-0.0749644860625267,-0.06553620100021362,-0.05610791593790054,-0.04667963087558746,-0.037251345813274384,-0.027823060750961304,-0.018394775688648224,-0.008966490626335144,0.0004617944359779358,0.009890079498291016,0.019318364560604095,0.028746649622917175,0.038174934685230255,0.04760324954986572,0.0570315346121788,0.06645981967449188,0.07588810473680496,0.08531638979911804,0.09474467486143112,0.1041729599237442,0.11360124498605728,0.12302953004837036,0.13245782256126404,0.14188610017299652,0.151314377784729,0.16074267029762268,0.17017096281051636,0.17959924042224884,0.18902751803398132,0.198455810546875,0.20788410305976868,0.21731238067150116,0.22674065828323364,0.23616895079612732,0.245597243309021,0.2550255060195923,0.26445379853248596,0.27388209104537964,0.2833103835582733,0.292738676071167,0.3021669387817383,0.31159523129463196,0.32102352380752563,0.3304517865180969,0.3398800790309906,0.3493083715438843],"_type":"histogram","values":[1,0,0,1,1,0,1,1,1,0,0,1,1,0,0,3,0,1,3,0,0,2,1,0,2,1,0,0,1,1,3,1,1,4,2,1,2,2,2,1,4,1,0,2,2,0,2,2,0,2,2,1,0,0,0,2,1,0,0,0,0,0,0,1]},"gradients/graph_1network.6.bias":{"_type":"histogram","values":[1,0,0,0,1,0,0,0,0,0,0,0,0,0,0,0,0,0,0,0,0,0,0,0,0,1,0,0,0,0,1,0,0,0,0,1,0,1,0,0,0,0,0,0,0,1,0,1,0,0,0,0,0,0,0,0,0,0,0,0,0,1,0,1],"bins":[-0.004593878053128719,-0.00446326145902276,-0.004332644399255514,-0.004202027805149555,-0.004071411211043596,-0.00394079415127635,-0.003810177557170391,-0.0036795607302337885,-0.003548943903297186,-0.003418327309191227,-0.0032877104822546244,-0.0031570936553180218,-0.003026477061212063,-0.0028958602342754602,-0.0027652434073388577,-0.0026346268132328987,-0.002504009986296296,-0.0023733931593596935,-0.0022427765652537346,-0.002112159738317132,-0.0019815429113805294,-0.0018509262008592486,-0.0017203094903379679,-0.0015896926634013653,-0.0014590759528800845,-0.0013284592423588037,-0.0011978424154222012,-0.0010672257049009204,-0.0009366089361719787,-0.000805992167443037,-0.0006753754569217563,-0.0005447586881928146,-0.0004141419194638729,-0.00028352515073493123,-0.00015290841110982,-2.2291656932793558e-05,0.00010832509724423289,0.00023894185142125934,0.0003695586055982858,0.000500175345223397,0.0006307921139523387,0.0007614088826812804,0.000892025651410222,0.0010226423619315028,0.0011532590724527836,0.0012838758993893862,0.001414492609910667,0.0015451094368472695,0.0016757261473685503,0.001806342857889831,0.0019369596848264337,0.0020675763953477144,0.002198193222284317,0.002328809816390276,0.0024594266433268785,0.002590043470263481,0.00272066006436944,0.0028512768913060427,0.0029818937182426453,0.003112510545179248,0.003243127139285207,0.0033737439662218094,0.003504360793158412,0.003634977387264371,0.0037655942142009735]},"_wandb":{"runtime":1674},"gradients/graph_1network.0.bias":{"bins":[-0.004079206380993128,-0.003946574870496988,-0.0038139428943395615,-0.0036813111510127783,-0.003548679407685995,-0.003416047664359212,-0.0032834159210324287,-0.0031507841777056456,-0.0030181524343788624,-0.002885520923882723,-0.0027528891805559397,-0.0026202574372291565,-0.0024876256939023733,-0.00235499395057559,-0.002222362207248807,-0.0020897304639220238,-0.0019570987205952406,-0.0018244669772684574,-0.0016918352339416742,-0.001559203490614891,-0.0014265717472881079,-0.0012939401203766465,-0.0011613083770498633,-0.0010286766337230802,-0.000896044890396297,-0.0007634131470695138,-0.0006307814037427306,-0.0004981497186236084,-0.00036551797529682517,-0.00023288624652195722,-0.00010025451774708927,3.2377211027778685e-05,0.00016500893980264664,0.0002976406831294298,0.00043027239735238254,0.0005629041115753353,0.0006955358549021184,0.0008281675982289016,0.0009607992833480239,0.001093431026674807,0.0012260627700015903,0.0013586945133283734,0.0014913262566551566,0.0016239579999819398,0.0017565896268934011,0.0018892213702201843,0.0020218531135469675,0.0021544848568737507,0.002287116600200534,0.002419748343527317,0.0025523800868541002,0.0026850118301808834,0.0028176435735076666,0.0029502753168344498,0.003082907060161233,0.003215538803488016,0.0033481703139841557,0.003480802057310939,0.003613433800637722,0.003746065543964505,0.0038786972872912884,0.004011329263448715,0.004143960773944855,0.004276592750102282,0.004409224260598421],"_type":"histogram","values":[1,0,0,0,0,0,0,4,0,1,0,1,1,1,1,1,1,3,0,0,0,5,2,3,7,5,4,7,7,5,6,8,2,3,3,6,5,4,4,1,1,2,3,2,3,3,1,3,0,1,0,2,2,0,0,0,0,0,0,0,1,1,0,1]},