{"parameters/network.0.weight":{"bins":[-1.0473568439483643,-1.0229655504226685,-0.9985741376876831,-0.9741827845573425,-0.949791431427002,-0.9254000782966614,-0.9010087251663208,-0.8766173720359802,-0.8522260189056396,-0.8278347253799438,-0.8034433722496033,-0.7790520191192627,-0.7546606659889221,-0.7302693128585815,-0.705877959728241,-0.6814866065979004,-0.6570952534675598,-0.6327039003372192,-0.6083125472068787,-0.5839211940765381,-0.5595298409461975,-0.5351384878158569,-0.5107471346855164,-0.48635581135749817,-0.4619644582271576,-0.437573105096817,-0.41318175196647644,-0.38879039883613586,-0.3643990755081177,-0.3400077223777771,-0.3156163692474365,-0.29122501611709595,-0.26683372259140015,-0.24244236946105957,-0.218051016330719,-0.1936596781015396,-0.16926832497119904,-0.14487697184085846,-0.12048562616109848,-0.0960942804813385,-0.07170292735099792,-0.04731157794594765,-0.02292022854089737,0.0014711208641529083,0.025862470269203186,0.050253819674253464,0.07464516907930374,0.09903651475906372,0.1234278678894043,0.14781922101974487,0.17221057415008545,0.19660191237926483,0.2209932655096054,0.24538461863994598,0.26977595686912537,0.29416730999946594,0.3185586631298065,0.3429500162601471,0.36734136939048767,0.39173272252082825,0.41612404584884644,0.440515398979187,0.4649067521095276,0.48929810523986816,0.5136894583702087],"_type":"histogram","values":[3,0,2,3,4,5,6,5,4,5,10,14,11,16,13,20,19,29,36,39,44,64,74,92,96,109,150,176,237,294,343,419,468,581,756,938,1291,1916,2958,4571,7100,10581,13512,13983,12525,9669,6706,4171,2492,1448,879,576,369,227,128,84,33,26,10,6,3,2,0,1]},"test/loss":0.04475065317965345,"val/loss":0.04948837240226567,"parameters/network.0.bias":{"bins":[-0.1536431759595871,-0.14953459799289703,-0.14542602002620697,-0.1413174420595169,-0.13720884919166565,-0.13310027122497559,-0.12899169325828552,-0.12488311529159546,-0.1207745373249054,-0.11666595935821533,-0.11255738139152527,-0.10844879597425461,-0.10434021800756454,-0.10023164004087448,-0.09612305462360382,-0.09201447665691376,-0.0879058986902237,-0.08379732072353363,-0.07968874275684357,-0.0755801573395729,-0.07147157937288284,-0.06736300140619278,-0.06325441598892212,-0.059145838022232056,-0.05503726005554199,-0.05092868208885193,-0.04682010039687157,-0.042711518704891205,-0.03860294073820114,-0.03449436277151108,-0.030385781079530716,-0.026277201250195503,-0.022168606519699097,-0.018060026690363884,-0.013951446861028671,-0.009842867031693459,-0.005734287202358246,-0.0016257073730230331,0.0024828724563121796,0.006591452285647392,0.010700032114982605,0.014808611944317818,0.01891719177365303,0.023025771602988243,0.027134351432323456,0.03124293126165867,0.03535151109099388,0.03946009278297424,0.04356867074966431,0.04767724871635437,0.05178583040833473,0.055894412100315094,0.06000299006700516,0.06411156803369522,0.06822015345096588,0.07232873141765594,0.07643730938434601,0.08054588735103607,0.08465446531772614,0.0887630507349968,0.09287162870168686,0.09698020666837692,0.10108879208564758,0.10519737005233765,0.10930594801902771],"_type":"histogram","values":[4,2,2,1,2,0,2,2,0,2,3,1,1,6,2,2,5,4,6,4,3,1,6,2,6,2,2,4,4,3,5,3,2,2,2,2,2,2,2,3,0,2,1,4,2,1,0,2,1,1,1,1,0,1,0,0,1,0,0,0,0,0,0,1]},"parameters/network.3.bias":{"_type":"histogram","values":[1,0,1,0,0,1,0,0,1,0,0,0,0,1,1,0,0,1,2,1,1,1,2,0,2,2,1,2,0,1,2,0,2,1,2,3,3,1,0,2,3,3,0,1,1,1,3,0,1,4,3,0,0,1,1,0,1,0,1,0,1,0,0,1],"bins":[-0.6017560362815857,-0.5822765231132507,-0.5627970695495605,-0.5433175563812256,-0.5238380432128906,-0.5043585300445557,-0.4848790466785431,-0.4653995633125305,-0.44592005014419556,-0.4264405369758606,-0.406961053609848,-0.38748157024383545,-0.3680020570755005,-0.3485225439071655,-0.32904306054115295,-0.3095635771751404,-0.2900840640068054,-0.27060455083847046,-0.2511250674724579,-0.23164556920528412,-0.21216607093811035,-0.19268657267093658,-0.17320707440376282,-0.15372757613658905,-0.13424807786941528,-0.11476857960224152,-0.09528908133506775,-0.07580958306789398,-0.056330084800720215,-0.03685058653354645,-0.01737108826637268,0.0021084100008010864,0.021587848663330078,0.041067346930503845,0.06054684519767761,0.08002634346485138,0.09950584173202515,0.11898533999919891,0.13846483826637268,0.15794433653354645,0.17742383480072021,0.19690333306789398,0.21638283133506775,0.23586232960224152,0.2553418278694153,0.27482134103775024,0.2943008244037628,0.3137803077697754,0.33325982093811035,0.3527393341064453,0.3722188174724579,0.39169830083847046,0.4111778140068054,0.4306573271751404,0.45013681054115295,0.4696162939071655,0.4890958070755005,0.5085753202438354,0.5280548334121704,0.5475342869758606,0.5670138001441956,0.5864933133125305,0.6059727668762207,0.6254522800445557,0.6449317932128906]},"parameters/network.6.bias":{"bins":[-0.5455223321914673,-0.5275893211364746,-0.5096563100814819,-0.49172335863113403,-0.47379034757614136,-0.4558573365211487,-0.4379243552684784,-0.4199913740158081,-0.40205836296081543,-0.38412535190582275,-0.36619237065315247,-0.3482593894004822,-0.3303263783454895,-0.3123933672904968,-0.29446038603782654,-0.27652740478515625,-0.2585943937301636,-0.2406613975763321,-0.2227284014225006,-0.20479540526866913,-0.18686240911483765,-0.16892941296100616,-0.15099641680717468,-0.1330634206533432,-0.11513042449951172,-0.09719742834568024,-0.07926443219184875,-0.06133143603801727,-0.04339843988418579,-0.02546544373035431,-0.007532447576522827,0.010400548577308655,0.02833348512649536,0.04626648128032684,0.06419947743415833,0.08213247358798981,0.10006546974182129,0.11799846589565277,0.13593146204948425,0.15386445820331573,0.17179745435714722,0.1897304505109787,0.20766344666481018,0.22559644281864166,0.24352943897247314,0.2614624500274658,0.2793954312801361,0.2973284125328064,0.3152614235877991,0.33319443464279175,0.35112741589546204,0.3690603971481323,0.386993408203125,0.4049264192581177,0.42285940051078796,0.44079238176345825,0.4587253928184509,0.4766584038734436,0.4945913851261139,0.5125243663787842,0.5304573774337769,0.5483903884887695,0.5663233995437622,0.5842563509941101,0.6021893620491028],"_type":"histogram","values":[1,0,0,0,0,0,0,0,0,0,1,0,0,0,0,0,1,0,0,0,1,0,1,0,0,0,0,0,0,0,0,0,0,0,0,1,1,2,0,0,0,0,0,0,0,0,0,0,0,0,0,0,0,0,0,0,0,0,0,0,0,0,0,1]},"gradients/network.0.weight":{"_type":"histogram","values":[1,0,4,5,6,3,12,29,40,64,83,127,142,158,231,295,403,536,790,963,1476,4212,6189,15257,26666,19019,12498,4064,1794,1210,871,678,535,468,350,222,194,137,118,97,69,67,44,40,30,24,28,19,11,23,17,18,6,2,2,1,1,1,0,0,0,1,0,1],"bins":[-0.006909428164362907,-0.00663091940805316,-0.006352410186082125,-0.006073901429772377,-0.005795392207801342,-0.005516883451491594,-0.005238374229520559,-0.004959865473210812,-0.004681356251239777,-0.004402847494930029,-0.004124338738620281,-0.003845829516649246,-0.0035673207603394985,-0.003288811771199107,-0.003010302782058716,-0.0027317937929183245,-0.002453284803777933,-0.0021747758146375418,-0.0018962668254971504,-0.001617757952772081,-0.0013392489636316895,-0.0010607399744912982,-0.0007822310435585678,-0.0005037221126258373,-0.00022521312348544598,5.329583655111492e-05,0.0003318047965876758,0.0006103137275204062,0.0008888227166607976,0.001167331705801189,0.0014458405785262585,0.0017243495676666498,0.002002858556807041,0.0022813675459474325,0.002559876535087824,0.0028383855242282152,0.0031168945133686066,0.0033954032696783543,0.0036739122588187456,0.003952421247959137,0.004230930469930172,0.00450943922623992,0.004787947982549667,0.005066457204520702,0.00534496596083045,0.005623475182801485,0.005901983939111233,0.006180493161082268,0.0064590019173920155,0.006737510673701763,0.007016019895672798,0.007294528651982546,0.007573037873953581,0.007851546630263329,0.008130055852234364,0.008408565074205399,0.008687073364853859,0.008965582586824894,0.009244091808795929,0.00952260009944439,0.009801109321415424,0.01007961854338646,0.010358127765357494,0.010636636056005955,0.01091514527797699]},