{"_wandb":{"runtime":2},"_step":15,"reward":-16.378367951900064,"_timestamp":1.749461820699136e+09,"_runtime":2.114877572}