{"test/loss":0.04815853570471518,"_timestamp":1.7500180909203486e+09,"parameters/network.3.weight":{"_type":"histogram","values":[1,0,2,1,2,5,4,7,2,4,6,11,18,16,14,21,21,33,27,46,31,57,61,70,69,93,109,95,145,127,193,191,247,272,343,367,445,482,510,574,545,545,477,438,338,271,190,149,128,93,87,60,43,25,27,18,12,12,3,4,3,0,0,2],"bins":[-0.6778498291969299,-0.6604399681091309,-0.6430301666259766,-0.6256203055381775,-0.6082104444503784,-0.5908006429672241,-0.573390781879425,-0.555980920791626,-0.5385711193084717,-0.5211612582206726,-0.5037513971328735,-0.48634156584739685,-0.46893173456192017,-0.4515218734741211,-0.4341120421886444,-0.41670218110084534,-0.39929234981536865,-0.38188251852989197,-0.3644726574420929,-0.3470628261566162,-0.32965296506881714,-0.31224313378334045,-0.29483330249786377,-0.2774234414100647,-0.260013610124588,-0.24260376393795013,-0.22519391775131226,-0.20778408646583557,-0.1903742402791977,-0.17296439409255981,-0.15555456280708313,-0.13814471662044525,-0.1207348108291626,-0.10332496464252472,-0.08591512590646744,-0.06850528717041016,-0.05109544098377228,-0.0336855985224247,-0.016275756061077118,0.001134086400270462,0.018543928861618042,0.03595377132296562,0.0533636137843132,0.07077345252037048,0.08818329870700836,0.10559314489364624,0.12300298362970352,0.1404128223657608,0.15782266855239868,0.17523251473903656,0.19264236092567444,0.21005219221115112,0.227462038397789,0.24487188458442688,0.26228171586990356,0.27969157695770264,0.2971014082431793,0.314511239528656,0.3319211006164551,0.34933093190193176,0.36674076318740845,0.3841506242752075,0.4015604555606842,0.4189703166484833,0.43638014793395996]},"parameters/network.0.bias":{"values":[1,1,0,0,0,1,2,0,5,0,1,3,4,5,4,3,4,1,2,4,1,8,4,1,2,3,2,8,4,4,4,4,3,4,3,4,6,2,3,2,2,1,1,2,2,1,2,0,0,0,0,0,1,1,0,0,0,0,0,0,0,0,1,1],"bins":[-0.14333215355873108,-0.13945899903774261,-0.13558584451675415,-0.13171270489692688,-0.12783955037593842,-0.12396639585494995,-0.12009324878454208,-0.11622009426355362,-0.11234694719314575,-0.10847379267215729,-0.10460063815116882,-0.10072749108076096,-0.09685433655977249,-0.09298118948936462,-0.08910803496837616,-0.08523488789796829,-0.08136173337697983,-0.07748857885599136,-0.0736154317855835,-0.06974227726459503,-0.06586913019418716,-0.0619959756731987,-0.058122824877500534,-0.05424967408180237,-0.0503765232861042,-0.046503372490406036,-0.04263022169470787,-0.038757070899009705,-0.03488391637802124,-0.031010767444968224,-0.02713761478662491,-0.023264463990926743,-0.019391313195228577,-0.01551816239953041,-0.01164501067250967,-0.007771859411150217,-0.003898708149790764,-2.5556888431310654e-05,0.0038475943729281425,0.007720745634287596,0.011593896895647049,0.015467047691345215,0.01934019848704338,0.023213351145386696,0.027086501941084862,0.030959652736783028,0.03483280539512634,0.03870595619082451,0.042579106986522675,0.04645225778222084,0.050325408577919006,0.05419855937361717,0.05807171016931534,0.0619448646903038,0.06581801176071167,0.06969116628170013,0.0735643208026886,0.07743746787309647,0.08131062239408493,0.0851837694644928,0.08905692398548126,0.09293007105588913,0.0968032255768776,0.10067637264728546,0.10454952716827393],"_type":"histogram"},"_runtime":1.4008253370000001,"gradients/network.3.weight":{"bins":[-0.03615916147828102,-0.03471711650490761,-0.033275071531534195,-0.03183302655816078,-0.03039097972214222,-0.028948934748768806,-0.027506887912750244,-0.02606484293937683,-0.024622797966003418,-0.023180752992630005,-0.021738708019256592,-0.02029666118323803,-0.018854616209864616,-0.017412571236491203,-0.01597052440047264,-0.014528479427099228,-0.013086434453725815,-0.011644389480352402,-0.010202343575656414,-0.008760297670960426,-0.007318252697587013,-0.005876207258552313,-0.0044341618195176125,-0.002992116380482912,-0.0015500709414482117,-0.00010802550241351128,0.0013340199366211891,0.0027760653756558895,0.00421811081469059,0.00566015625372529,0.007102201692759991,0.008544247597455978,0.009986288845539093,0.011428333818912506,0.012870379723608494,0.014312425628304482,0.015754470601677895,0.017196515575051308,0.01863856241106987,0.020080607384443283,0.021522652357816696,0.02296469733119011,0.024406742304563522,0.025848789140582085,0.027290834113955498,0.02873287908732891,0.030174925923347473,0.031616970896720886,0.0330590158700943,0.03450106084346771,0.035943105816841125,0.03738515079021454,0.03882719576358795,0.04026924446225166,0.041711289435625076,0.04315333440899849,0.0445953793823719,0.046037424355745316,0.04747946932911873,0.04892151430249214,0.05036356300115585,0.051805607974529266,0.05324765294790268,0.05468969792127609,0.056131742894649506],"_type":"histogram","values":[2,1,0,1,1,2,0,2,1,4,2,7,7,13,16,21,46,40,84,106,183,242,409,716,1978,2568,583,369,226,142,118,75,57,39,30,24,22,15,10,10,6,4,2,1,1,0,2,1,0,1,0,0,0,0,0,0,1,0,0,0,0,0,0,1]},"val/loss":0.0584893679091086,"parameters/network.3.bias":{"values":[1,0,0,0,0,0,0,2,0,1,1,0,0,4,0,0,0,0,1,0,1,3,3,4,2,0,1,2,1,4,1,1,0,0,0,1,0,0,1,1,0,0,2,1,0,2,4,1,1,2,2,1,3,1,0,1,1,0,0,2,1,1,1,1],"bins":[-0.3777146339416504,-0.36483922600746155,-0.3519638180732727,-0.33908841013908386,-0.326213002204895,-0.3133375644683838,-0.30046215653419495,-0.2875867486000061,-0.27471134066581726,-0.2618359327316284,-0.24896052479743958,-0.23608510196208954,-0.2232096940279007,-0.21033428609371185,-0.19745886325836182,-0.18458345532417297,-0.17170804738998413,-0.1588326394557953,-0.14595723152160645,-0.1330818086862564,-0.12020640075206757,-0.10733099281787872,-0.09445557743310928,-0.08158016204833984,-0.068704754114151,-0.05582934245467186,-0.04295393079519272,-0.030078519135713577,-0.017203107476234436,-0.004327695816755295,0.008547715842723846,0.021423127502202988,0.03429853916168213,0.04717395082116127,0.06004936248064041,0.07292477786540985,0.0858001857995987,0.09867559373378754,0.11155100911855698,0.12442642450332642,0.13730183243751526,0.1501772403717041,0.16305264830589294,0.17592807114124298,0.18880347907543182,0.20167888700962067,0.2145543098449707,0.22742971777915955,0.2403051257133484,0.25318053364753723,0.2660559415817261,0.2789313495159149,0.29180675745010376,0.304682195186615,0.31755760312080383,0.3304330110549927,0.3433084189891815,0.35618382692337036,0.3690592348575592,0.38193464279174805,0.3948100805282593,0.4076854884624481,0.42056089639663696,0.4334363043308258,0.44631171226501465],"_type":"histogram"},"gradients/network.6.bias":{"bins":[-0.006787037942558527,-0.006599163170903921,-0.006411288864910603,-0.006223414093255997,-0.006035539321601391,-0.005847664549946785,-0.005659789778292179,-0.0054719154722988605,-0.005284040700644255,-0.005096165928989649,-0.00490829162299633,-0.004720416851341724,-0.0045325420796871185,-0.004344667308032513,-0.004156792536377907,-0.003968918230384588,-0.0037810434587299824,-0.0035931686870753765,-0.0034052941482514143,-0.003217419609427452,-0.0030295448377728462,-0.0028416700661182404,-0.002653795527294278,-0.002465920988470316,-0.00227804621681571,-0.002090171445161104,-0.001902296906337142,-0.001714422251097858,-0.001526547595858574,-0.0013386729406192899,-0.0011507982853800058,-0.0009629236301407218,-0.0007750485092401505,-0.0005871738540008664,-0.0003992991987615824,-0.00021142454352229834,-2.3549888283014297e-05,0.00016432476695626974,0.0003521994221955538,0.0005400740774348378,0.0007279487326741219,0.0009158233879134059,0.00110369804315269,0.001291572698391974,0.001479447353631258,0.001667322008870542,0.001855196664109826,0.0020430712029337883,0.002230945974588394,0.002418820746243,0.0026066952850669622,0.0027945698238909245,0.0029824445955455303,0.003170319367200136,0.0033581939060240984,0.0035460684448480606,0.0037339432165026665,0.003921817988157272,0.004109692759811878,0.004297567065805197,0.004485441837459803,0.0046733166091144085,0.004861190915107727,0.005049065686762333,0.005236940458416939],"_type":"histogram","values":[1,0,0,0,0,1,0,0,0,0,1,0,0,0,0,0,0,0,0,0,0,0,0,0,0,0,0,0,0,0,0,0,0,1,0,0,0,0,0,0,0,0,0,1,1,0,1,0,0,0,1,0,0,0,0,0,0,0,0,0,0,0,1,1]},