{"episode_reward":-977.6106918238992,"loss":235.4130307572796,"entropy":1.1147302581414327,"_wandb":{"runtime":1078},"reward":-153.5577464788732,"_timestamp":1.7494662370464983e+09,"_runtime":1078.972152787,"_step":2360}